AUD,CAD,CHF,EUR,GBP,HKD,JPY,NZD,USD,period
0.000244,-0.000044,-0.000200,0.000296,0.000368,-0.000002,-0.000506,-0.000099,-0.000057,M15
0.000246,-0.000293,-0.000400,0.000561,0.000414,-0.000005,-0.000462, 0.000191,-0.000252,H1
0.001211,-0.001009,-0.002047,0.002022,0.001618, 0.000000,-0.002091, 0.000229, 0.000067,H4
0.001198,-0.002173,-0.000850,0.002431,0.001134,-0.000005,-0.003650, 0.001301, 0.000614,D
