AUD,CAD,CHF,EUR,GBP,HKD,JPY,NZD,USD,period
0.000296,-0.000100,-0.000193,0.000309,0.000304,-0.000002,-0.000491,-0.000053,-0.000070,M15
0.000219,-0.000339,-0.000394,0.000539,0.000411,-0.000004,-0.000430, 0.000251,-0.000253,H1
0.000947,-0.000933,-0.002011,0.002015,0.001469, 0.000000,-0.001906, 0.000322, 0.000097,H4
0.001198,-0.002173,-0.000850,0.002431,0.001134,-0.000005,-0.003650, 0.001301, 0.000614,D
