cross,percentage
USDHKD,0.609378
USDCAD,0.123662
CHFJPY,0.067928
CADCHF,0.050957
EURGBP,0.039095
NZDUSD,0.038003
AUDNZD,0.034192
GBPAUD,0.01774
AUDUSD,0.01295
GBPCHF,0.003683
NZDCAD,0.002412
