cross,value
EUR_AUD,0.0139315700248375
NZD_CHF,0.0134843279829103
GBP_NZD,0.0131705751846806
AUD_CHF,0.0128472285960569
NZD_CAD,0.0127367606321397
GBP_CHF,0.0125961446404128
EUR_NZD,0.0124621755526742
NZD_JPY,0.0120043330259099
GBP_AUD,0.011825675637886
EUR_GBP,0.0118003105214086
AUD_JPY,0.0115295899935479
CAD_CHF,0.0111521540111993
